timestamp,ablation_setup,model_name,epoch,train_loss,val_loss,learning_rate
2025-06-07 14:07:02,Main_Experiment,SimpleNN,1,0.345797,0.555883,0.001
2025-06-07 14:07:02,Main_Experiment,SimpleNN,2,0.234607,0.502804,0.001
2025-06-07 14:07:02,Main_Experiment,SimpleNN,3,0.204451,0.489974,0.001
2025-06-07 14:07:02,Main_Experiment,SimpleNN,4,0.198671,0.513911,0.001
2025-06-07 14:07:02,Main_Experiment,SimpleNN,5,0.193270,0.487868,0.001
2025-06-07 14:07:02,Main_Experiment,SimpleNN,6,0.187035,0.510059,0.001
2025-06-07 14:07:02,Main_Experiment,SimpleNN,7,0.194050,0.484512,0.001
2025-06-07 14:07:02,Main_Experiment,SimpleNN,8,0.184239,0.487171,0.001
2025-06-07 14:07:02,Main_Experiment,SimpleNN,9,0.183625,0.484521,0.001
2025-06-07 14:07:02,Main_Experiment,SimpleNN,10,0.183571,0.495288,0.001
2025-06-07 14:07:02,Main_Experiment,SimpleNN,11,0.185841,0.485934,0.001
2025-06-07 14:07:02,Main_Experiment,SimpleNN,12,0.186613,0.490422,0.001
2025-06-07 14:07:03,Main_Experiment,SimpleNN,13,0.178318,0.487808,0.001
2025-06-07 14:07:03,Main_Experiment,SimpleNN,14,0.176083,0.494495,0.001
2025-06-07 14:07:03,Main_Experiment,SimpleNN,15,0.176812,0.490297,0.001
2025-06-07 14:07:03,Main_Experiment,SimpleNN,16,0.177001,0.489520,0.001
2025-06-07 14:07:03,Main_Experiment,SimpleNN,17,0.184176,0.487350,0.001
2025-06-07 14:07:03,Main_Experiment,SimpleNN,18,0.175629,0.486704,0.0005
2025-06-07 14:07:03,Main_Experiment,SimpleNN,19,0.168178,0.486504,0.0005
2025-06-07 14:07:03,Main_Experiment,SimpleNN,20,0.168826,0.484221,0.0005
2025-06-07 14:07:03,Main_Experiment,SimpleNN,21,0.170368,0.485358,0.0005
2025-06-07 14:07:03,Main_Experiment,SimpleNN,22,0.168917,0.485640,0.0005
2025-06-07 14:07:03,Main_Experiment,SimpleNN,23,0.169951,0.484967,0.0005
2025-06-07 14:07:03,Main_Experiment,SimpleNN,24,0.169445,0.492370,0.0005
2025-06-07 14:07:03,Main_Experiment,SimpleNN,25,0.173703,0.490896,0.0005
2025-06-07 14:07:03,Main_Experiment,SimpleNN,26,0.171838,0.487668,0.0005
2025-06-07 14:07:04,Main_Experiment,SimpleNN,27,0.175841,0.495711,0.0005
2025-06-07 14:07:04,Main_Experiment,SimpleNN,28,0.164085,0.497490,0.0005
2025-06-07 14:07:04,Main_Experiment,SimpleNN,29,0.168705,0.487697,0.0005
2025-06-07 14:07:04,Main_Experiment,SimpleNN,30,0.166554,0.487024,0.0005
2025-06-07 14:07:04,Main_Experiment,SimpleNN,31,0.172533,0.492155,0.00025
2025-06-07 14:07:04,Main_Experiment,SimpleNN,32,0.169469,0.489681,0.00025
2025-06-07 14:07:04,Main_Experiment,SimpleNN,33,0.168169,0.491590,0.00025
2025-06-07 14:07:04,Main_Experiment,SimpleNN,34,0.166447,0.493162,0.00025
2025-06-07 14:07:04,Main_Experiment,SimpleNN,35,0.165574,0.494186,0.00025
2025-06-07 14:07:04,Main_Experiment,SimpleNN,36,0.159529,0.491945,0.00025
2025-06-07 14:07:04,Main_Experiment,SimpleNN,37,0.169100,0.490908,0.00025
2025-06-07 14:07:04,Main_Experiment,SimpleNN,38,0.163028,0.494510,0.00025
2025-06-07 14:07:04,Main_Experiment,SimpleNN,39,0.170858,0.493131,0.00025
2025-06-07 14:07:05,Main_Experiment,SimpleNN,40,0.162579,0.493731,0.00025
2025-06-07 14:07:05,Main_Experiment,EnhancedNN,1,0.393335,0.588530,0.0001
2025-06-07 14:07:06,Main_Experiment,EnhancedNN,2,0.304374,0.588750,0.0001
2025-06-07 14:07:07,Main_Experiment,EnhancedNN,3,0.262639,0.632312,0.0001
2025-06-07 14:07:08,Main_Experiment,EnhancedNN,4,0.238092,0.624837,0.0001
2025-06-07 14:07:08,Main_Experiment,EnhancedNN,5,0.223903,0.612864,0.0001
2025-06-07 14:07:09,Main_Experiment,EnhancedNN,6,0.217811,0.609970,0.0001
2025-06-07 14:07:10,Main_Experiment,EnhancedNN,7,0.208806,0.608948,0.0001
2025-06-07 14:07:11,Main_Experiment,EnhancedNN,8,0.207563,0.589223,0.0001
2025-06-07 14:07:11,Main_Experiment,EnhancedNN,9,0.197081,0.567224,0.0001
2025-06-07 14:07:12,Main_Experiment,EnhancedNN,10,0.195660,0.554137,0.0001
2025-06-07 14:07:13,Main_Experiment,EnhancedNN,11,0.196288,0.550631,0.0001
2025-06-07 14:07:14,Main_Experiment,EnhancedNN,12,0.189438,0.553920,0.0001
2025-06-07 14:07:14,Main_Experiment,EnhancedNN,13,0.190586,0.554237,0.0001
2025-06-07 14:07:15,Main_Experiment,EnhancedNN,14,0.186881,0.548355,0.0001
2025-06-07 14:07:16,Main_Experiment,EnhancedNN,15,0.184270,0.528811,0.0001
2025-06-07 14:07:17,Main_Experiment,EnhancedNN,16,0.180258,0.530361,0.0001
2025-06-07 14:07:17,Main_Experiment,EnhancedNN,17,0.179206,0.527506,0.0001
2025-06-07 14:07:18,Main_Experiment,EnhancedNN,18,0.172584,0.533916,0.0001
2025-06-07 14:07:19,Main_Experiment,EnhancedNN,19,0.172566,0.525849,0.0001
2025-06-07 14:07:20,Main_Experiment,EnhancedNN,20,0.171617,0.541925,0.0001
2025-06-07 14:07:20,Main_Experiment,EnhancedNN,21,0.172315,0.525005,0.0001
2025-06-07 14:07:21,Main_Experiment,EnhancedNN,22,0.171055,0.534816,0.0001
2025-06-07 14:07:22,Main_Experiment,EnhancedNN,23,0.169576,0.523120,0.0001
2025-06-07 14:07:23,Main_Experiment,EnhancedNN,24,0.168168,0.527239,0.0001
2025-06-07 14:07:23,Main_Experiment,EnhancedNN,25,0.166902,0.540436,0.0001
2025-06-07 14:07:24,Main_Experiment,EnhancedNN,26,0.164946,0.521957,0.0001
2025-06-07 14:07:25,Main_Experiment,EnhancedNN,27,0.166787,0.555825,0.0001
2025-06-07 14:07:26,Main_Experiment,EnhancedNN,28,0.163028,0.547678,0.0001
2025-06-07 14:07:27,Main_Experiment,EnhancedNN,29,0.163695,0.556075,0.0001
2025-06-07 14:07:27,Main_Experiment,EnhancedNN,30,0.161140,0.529057,0.0001
2025-06-07 14:07:28,Main_Experiment,EnhancedNN,31,0.159214,0.531077,0.0001
2025-06-07 14:07:29,Main_Experiment,EnhancedNN,32,0.158510,0.528942,0.0001
2025-06-07 14:07:30,Main_Experiment,EnhancedNN,33,0.155459,0.520411,0.0001
2025-06-07 14:07:30,Main_Experiment,EnhancedNN,34,0.152676,0.571438,0.0001
2025-06-07 14:07:31,Main_Experiment,EnhancedNN,35,0.154872,0.546904,0.0001
2025-06-07 14:07:32,Main_Experiment,EnhancedNN,36,0.152780,0.521564,0.0001
2025-06-07 14:07:33,Main_Experiment,EnhancedNN,37,0.153854,0.534533,0.0001
2025-06-07 14:07:33,Main_Experiment,EnhancedNN,38,0.151641,0.534253,0.0001
2025-06-07 14:07:34,Main_Experiment,EnhancedNN,39,0.149116,0.545671,0.0001
2025-06-07 14:07:35,Main_Experiment,EnhancedNN,40,0.150781,0.524498,0.0001
2025-06-07 14:07:36,Main_Experiment,EnhancedNN,41,0.149796,0.541201,0.0001
2025-06-07 14:07:37,Main_Experiment,EnhancedNN,42,0.146053,0.532964,0.0001
2025-06-07 14:07:37,Main_Experiment,EnhancedNN,43,0.144916,0.533161,0.0001
2025-06-07 14:07:38,Main_Experiment,EnhancedNN,44,0.148862,0.546296,5e-05
2025-06-07 14:07:39,Main_Experiment,EnhancedNN,45,0.142160,0.556792,5e-05
2025-06-07 14:07:40,Main_Experiment,EnhancedNN,46,0.144173,0.545402,5e-05
2025-06-07 14:07:40,Main_Experiment,EnhancedNN,47,0.140645,0.554216,5e-05
2025-06-07 14:07:41,Main_Experiment,EnhancedNN,48,0.139113,0.559998,5e-05
2025-06-07 14:07:42,Main_Experiment,EnhancedNN,49,0.137891,0.556969,5e-05
2025-06-07 14:07:43,Main_Experiment,EnhancedNN,50,0.135859,0.565246,5e-05
2025-06-07 14:07:43,Main_Experiment,EnhancedNN,51,0.139717,0.557980,5e-05
2025-06-07 14:07:44,Main_Experiment,EnhancedNN,52,0.139517,0.560587,5e-05
2025-06-07 14:07:45,Main_Experiment,EnhancedNN,53,0.138623,0.552155,5e-05
